{"Mean Absolute Error (seconds)": 207.67316441197687, "Root Mean Squared Error (seconds)": 401.9553927630042, "R-squared": 0.9715369129427218, "_timestamp": 1733593281.20894, "_runtime": 6.627289056777954, "_step": 0, "_wandb": {"runtime": 6}}