{"Mean Absolute Error (seconds)": 207.0734310786435, "Root Mean Squared Error (seconds)": 398.7452516752931, "R-squared": 0.9719897277084056, "_timestamp": 1733592991.605202, "_runtime": 6.707835912704468, "_step": 0, "_wandb": {"runtime": 6}}