{"Mean Absolute Error (seconds)": 207.67316441197687, "Root Mean Squared Error (seconds)": 401.9553927630042, "R-squared": 0.9715369129427218, "_timestamp": 1736081399.6956532, "_runtime": 6.446047306060791, "_step": 0, "_wandb": {"runtime": 5}}