{"Mean Absolute Error (seconds)": 207.67316441197687, "Root Mean Squared Error (seconds)": 401.9553927630042, "R-squared": 0.9715369129427218, "_timestamp": 1736081039.2776809, "_runtime": 6.796435832977295, "_step": 0, "_wandb": {"runtime": 5}}